{
  "project_info": {
    "project_number": "695959489170",
    "project_id": "kotlintodopractice-a70ec",
    "storage_bucket": "kotlintodopractice-a70ec.appspot.com"
  },
  "client": [
    {
      "client_info": {
        "mobilesdk_app_id": "1:695959489170:android:7e3adce8debcf7bd4ab44b",
        "android_client_info": {
          "package_name": "com.example.kotlintodopractice"
        }
      },
      "oauth_client": [],
      "api_key": [
        {
          "current_key": "AIzaSyCt1obqik3-n2PQKmrmaq-8UkqYaVVWPUg"
        }
      ],
      "services": {
        "appinvite_service": {
          "other_platform_oauth_client": []
        }
      }
    }
  ],
  "configuration_version": "1"
}